,Date,ID,url,username,source,location,tweet,num_of_likes,num_of_retweet
0,2023-02-21 13:09:00+00:00,1628018952969551875,https://twitter.com/AmericanVoice14/status/1628018952969551875,AmericanVoice14,TweetDeck,,"Donald Trump's two new hires turn heads.

https://t.co/k0n0lrmo3f",0,0
1,2023-02-21 13:08:51+00:00,1628018917791916032,https://twitter.com/funshographix/status/1628018917791916032,funshographix,Twitter Web App,Afrika ,When Donald Trump was still the president. He made peace with Putin. The moment Joe Biden came into power. He made Putin his enemy. They used zelensky. A comedian president. They used him against Russia for their selfish interests.,3,1
2,2023-02-21 13:08:50+00:00,1628018913073324032,https://twitter.com/shroomsyys/status/1628018913073324032,shroomsyys,Twitter Web App,‚òÜ It/He ‚ô°,the sudden influx of joe swanson vs donald trump playing videogames videos never fail to make me laugh,0,0
3,2023-02-21 13:08:19+00:00,1628018780596236288,https://twitter.com/erouus/status/1628018780596236288,erouus,Twitter Web App,üÜòüò±ü™Ç !,"‚úîüëçHappy President's Day to our President, Donald Trump!!.@realDonaldTrump Some people are so heavenly minded that they are no earthly good.@TheDemocrats https://t.co/EhOiYgMQ0r",0,0
4,2023-02-21 13:08:00+00:00,1628018701508259842,https://twitter.com/PatriotVoice3/status/1628018701508259842,PatriotVoice3,TweetDeck,,"Donald Trump Drops 42 Gavels on America

https://t.co/tyL2gUnAFZ",0,0
5,2023-02-21 13:08:00+00:00,1628018701495635968,https://twitter.com/PatrioticOn22/status/1628018701495635968,PatrioticOn22,TweetDeck,,"Donald Trump Drops 42 Gavels on America

https://t.co/7qzrDmcigl",0,0
6,2023-02-21 13:07:58+00:00,1628018693677412352,https://twitter.com/PatLott20/status/1628018693677412352,PatLott20,Twitter for iPhone,,McCarthy to Tucker = Donald Trump getting to the truth!,0,0
7,2023-02-21 13:07:55+00:00,1628018683695009795,https://twitter.com/randomtrump1/status/1628018683695009795,randomtrump1,Random Trump,,Random Trump https://t.co/m4YzGDn1C0 - #randomtrump #trump #donaldtrump #giphy #gif #gifs https://t.co/aCXbgzDQQe,0,0
8,2023-02-21 13:07:42+00:00,1628018625125957637,https://twitter.com/realjorgetrevin/status/1628018625125957637,realjorgetrevin,Twitter for Android,"Broken Hill, Madmax land","There were 4 nuclear treaties between the U.S. and Russia. 

ABM: Anti-ballistic Missile Treaty (1972). George W Bush walked it away in 2002

Open Skies Treaty (OST)¬†(2002): Donald Trump walked it away in 2020.

INF: Intermediate-range Nuclear Forces Treaty (1987): Donald Trump",0,0
9,2023-02-21 13:07:19+00:00,1628018530506375169,https://twitter.com/Trumpalooza1/status/1628018530506375169,Trumpalooza1,The Social Jukebox,America,"Donald Trump casts an odd shadow . . .
#Trumpalooza https://t.co/H2TAZlppiq",0,0
10,2023-02-21 13:07:10+00:00,1628018493835583490,https://twitter.com/gibbons3761/status/1628018493835583490,gibbons3761,Twitter for Android,,"It's hard to dispute how much better this world would be if Donald Trump was president. No Ukraine war, China in their box, America first, Americans supported, boarders secure, etc. Trump would know by now how to drain the swamp. Our government is corrupt and against its people",0,0
11,2023-02-21 13:05:56+00:00,1628018183343943681,https://twitter.com/DRADIOMAN2/status/1628018183343943681,DRADIOMAN2,Twitter Web App,puerto rico,"hope the people in russia realize the war mongol dont care about russia either 
this mobster is just a grifter as donald trump worst 
this one thinks he can have the world

team 6 putin",0,0
12,2023-02-21 13:05:41+00:00,1628018121662660609,https://twitter.com/ObiWan0001/status/1628018121662660609,ObiWan0001,Twitter Web App,,"According to a recent report from The Guardian, the hosts at Fox News privately made ü§®fun of Donald Trump‚Äôs incessant claims that the 2020 election was stolen from him. Simultaneously, however, these same hosts were telling these üò°‚Äústolen election‚Äù liesüò° on air.",0,0
13,2023-02-21 13:04:54+00:00,1628017922105909248,https://twitter.com/AlbertR54607481/status/1628017922105909248,AlbertR54607481,Twitter for Android,,President Donald Trump was in the USA for Presidents day.,0,0
14,2023-02-21 13:04:14+00:00,1628017754069680130,https://twitter.com/ObiWan0001/status/1628017754069680130,ObiWan0001,Twitter Web App,,We Can‚ÄôtüôÑ Believe What Fox Hosts Said About Donald Trump In New Court Filing https://t.co/qY6vNAZ39c via @Yahoo,0,0
15,2023-02-21 13:03:42+00:00,1628017620485120007,https://twitter.com/MOJOCHEFJEFF/status/1628017620485120007,MOJOCHEFJEFF,Twitter Web App,Atlanta,"Yikes! More drivel over the national debt! , by @RBReich https://t.co/DuqKZfuU2d ""...Republicans have slashed taxes on the wealthy, resulting in less federal revenue. Ronald Reagan, George W. Bush, and Donald Trump all reduced taxes on the wealthy (and the corporations...""",0,0
16,2023-02-21 13:03:28+00:00,1628017560288387074,https://twitter.com/danjone85416924/status/1628017560288387074,danjone85416924,Twitter for Android,"Hamilton, OH",If I was suggested Department I would go on and put out an indictment on Donald Trump now this way if Fox uses any of the film to discourage or discredit anything within the trial they can be indicted themselves,0,0
17,2023-02-21 13:03:25+00:00,1628017549391659010,https://twitter.com/markniesse/status/1628017549391659010,markniesse,TweetDeck,,"The idea sprung from a committee that included Mark Amick, one of 16 Republicans who tried to award Georgia‚Äôs votes to Donald Trump in 2020. 
Now, four cities in in Atlanta's northern suburbs might try to take over local elections operations. #gapol https://t.co/83DRGth05x",0,2
18,2023-02-21 13:03:08+00:00,1628017479032180736,https://twitter.com/immiyamin/status/1628017479032180736,immiyamin,Twitter for iPhone,Pakistan,Regime change operation is being discussed in USA. They know what happened in pakistan. IMRAN khan is being praised by Donald Trump. https://t.co/KVAod2KaJp,0,0
19,2023-02-21 13:02:58+00:00,1628017435704958977,https://twitter.com/TrishaF10942457/status/1628017435704958977,TrishaF10942457,Twitter for iPhone,,"Don Lemon To Return To ‚ÄòCNN This Morning‚Äô On Wednesday, Will Participate In ‚ÄúFormal Training‚Äù Following Backlash Over Comments About Women.    I think they‚Äôve taken this way too far! Donald Trump talks about women like trash and it‚Äôs OK! Even encourage him https://t.co/A7HwY6SBwG",0,0
20,2023-02-21 13:02:55+00:00,1628017421608009735,https://twitter.com/randomtrump1/status/1628017421608009735,randomtrump1,Random Trump,,Random Trump https://t.co/DuG5BTx4xr - #randomtrump #trump #donaldtrump #giphy #gif #gifs https://t.co/40XcfIK3gE,0,0
21,2023-02-21 13:02:44+00:00,1628017376728866824,https://twitter.com/danjone85416924/status/1628017376728866824,danjone85416924,Twitter for Android,"Hamilton, OH",McCarthy had no constitutional right to let Fox have those hours of the January 6th committee films he has done more to harm this country in one moment then Donald Trump did in 4 years a communist himself,1,0
22,2023-02-21 13:02:39+00:00,1628017357292720134,https://twitter.com/badpersonbot/status/1628017357292720134,badpersonbot,"Cheap Bots, Done Quick!",,"It is not that Donald Trump glaringly touches his dog's hair, it's that Betsy Du Vos rudely spanks fruitflies during choir.",0,0
23,2023-02-21 13:02:05+00:00,1628017214694596608,https://twitter.com/SiennaLove1994/status/1628017214694596608,SiennaLove1994,Twitter for iPhone,"Fort Myers, FL",Donald Trump and Erin Brockovich will descend upon East Palestine as residents plead for help | Pittsburgh Post-Gazette #CNN #MSNBC #EastPalestine #Ohio ‚Å¶@SenSherrodBrown‚Å© ‚Å¶‚Å¶@PeteHegseth‚Å© ‚Å© ‚Å¶@JamesCarville‚Å© ‚Å¶@andersoncooper‚Å©  https://t.co/V50oQ7Lgqw,0,0
24,2023-02-21 13:02:03+00:00,1628017203810390017,https://twitter.com/POLITICOEurope/status/1628017203810390017,POLITICOEurope,SocialFlow,Brussels,"Former President Donald Trump will gather some of his top donors at his Mar-a-Lago estate in South Florida Thursday evening for his super PAC‚Äôs first fundraiser.

An event that organizers are billing as an intimate candlelight dinner.
https://t.co/I3ECFprQwC",1,0
25,2023-02-21 13:01:26+00:00,1628017048499412992,https://twitter.com/therealnroe/status/1628017048499412992,therealnroe,Twitter Web App,America! ,‚ÄúWe have a president going to Ukraine and you have people in Ohio in desperate need of help.‚Äù -President Donald Trump,0,0
26,2023-02-21 13:01:25+00:00,1628017044892401669,https://twitter.com/NeoricanJr/status/1628017044892401669,NeoricanJr,Twitter for Android,St Petersburg Florida ,A real president Donald Trump,0,0
27,2023-02-21 13:01:22+00:00,1628017031554662401,https://twitter.com/JPJaeger2/status/1628017031554662401,JPJaeger2,"Cheap Bots, Done Quick!",,Can't believe that Donald Trump just said that.,0,0
28,2023-02-21 13:01:15+00:00,1628017005738528768,https://twitter.com/w00youngsmine/status/1628017005738528768,w00youngsmine,Twitter for iPhone,black ldn 20,i cannot believe there was ever a point that donald trump was president and boris johnson was prime minister,0,0
29,2023-02-21 13:01:02+00:00,1628016948909862912,https://twitter.com/Cortezthefirst/status/1628016948909862912,Cortezthefirst,Twitter for Android,"Whitesboro, NY","Just watched a clip of President Jimmy Carter walking in hand with wife Roslyn down a street in Wash.  DC., with thousands of Americans clapping. Quite a contrast with Donald Trump walkng, Bible in hand, upside down, thru a cloud of tear gas, with only National Guard watching.",0,0
30,2023-02-21 13:00:48+00:00,1628016892723036160,https://twitter.com/POLIMETNFT/status/1628016892723036160,POLIMETNFT,Twitter for Android,,Donald Trump https://t.co/AVDkFj0Qqn,0,0
31,2023-02-21 13:00:35+00:00,1628016835986870280,https://twitter.com/VMachiavelique/status/1628016835986870280,VMachiavelique,"Cheap Bots, Done Quick!",,donald trump is a fascist #trumpfascist,0,0
32,2023-02-21 13:00:28+00:00,1628016808287522817,https://twitter.com/BabeRuth8218/status/1628016808287522817,BabeRuth8218,Twitter for Android,,"The best president, Donald Trump who said,""No more foreign wars.""  Fuck your JFK.",0,0
33,2023-02-21 13:00:18+00:00,1628016766969339906,https://twitter.com/dawoodumarawan/status/1628016766969339906,dawoodumarawan,Twitter for Android,,"Donald Trump is traveling to  Ohio to bring attention to the train derailment.
Interesting that When No One In US is Talking About #OhioTrainDisaster , #Trump Decides Visiting Ohio. This Strategy Won Him The Presidency Last Time.
Uncle Sam Is Wasting Time In Ukraine #Biden https://t.co/ZFYai3cInE",11,4
34,2023-02-21 13:00:09+00:00,1628016726637162498,https://twitter.com/NEWSMAX/status/1628016726637162498,NEWSMAX,Emplifi,United States,"ICYMI: Confirming his planned trip to East Palestine, Ohio, former President Donald Trump took a bow for motivating the Biden administration into action on responding to the toxic fallout from the train derailment earlier this month.https://t.co/5fY7rNKt6k https://t.co/irJdWFXyiC",147,33
35,2023-02-21 13:00:05+00:00,1628016712191705091,https://twitter.com/TCPalm/status/1628016712191705091,TCPalm,SocialNewsDesk,"Treasure Coast, Florida","Writers discuss the performance of Joe Biden on the border, state of the union and more; Ron DeSantis and teachers; Donald Trump and culture wars. https://t.co/jlPO65flmc",0,0
36,2023-02-21 13:00:02+00:00,1628016699227181056,https://twitter.com/TrumpPrisonBot/status/1628016699227181056,TrumpPrisonBot,TrumpPrisonBot,,"As of the time of this tweet, sadly, Donald Trump (@realDonaldTrump) remains at large and is not yet in prison.",0,0
37,2023-02-21 13:00:02+00:00,1628016696093974529,https://twitter.com/alivekickingbot/status/1628016696093974529,alivekickingbot,aliveandkicking,,(5:05am) Donald Trump is still kicking.,0,0
38,2023-02-21 13:00:01+00:00,1628016691727720448,https://twitter.com/politicaliq/status/1628016691727720448,politicaliq,TweetDeck Web App,,Make your #Prediction: Will #DonaldTrump return to #YouTube by Thursday?... #Playnow https://t.co/OmgwKooqKk #news #politics #politicalliq https://t.co/M25MIA5lHM,0,0
39,2023-02-21 12:59:57+00:00,1628016675986571264,https://twitter.com/binwellbee/status/1628016675986571264,binwellbee,Twitter for Android,,"There is nothing like Freedom of Speech in the entire world, not even in the so called ""Free"" countries. If Freedom of speech was a thing, Andrew Tate wouldn't be in prison, Donald Trump wouldn't have been banned on social media and Julian Asange wouldn't be rotting in jail.",0,0
40,2023-02-21 12:59:10+00:00,1628016479416487936,https://twitter.com/jillian_zupan/status/1628016479416487936,jillian_zupan,Twitter Web App,,Do You Stand With President Donald Trump in 2023 https://t.co/LCAjM7166e via @YouTube,0,0
41,2023-02-21 12:58:57+00:00,1628016427075571714,https://twitter.com/MacAttack19599/status/1628016427075571714,MacAttack19599,Twitter for Android,USA,"Dear vladimir putin, donald trump and the entire GOP - fuck you. üñï

#GOPTraitors 
#tuesdayvibe",1,0
42,2023-02-21 12:57:55+00:00,1628016163597819906,https://twitter.com/randomtrump1/status/1628016163597819906,randomtrump1,Random Trump,,Random Trump https://t.co/X3zqGYFv2o - #randomtrump #trump #donaldtrump #giphy #gif #gifs https://t.co/TU2lLb8VJZ,0,0
43,2023-02-21 12:57:51+00:00,1628016147374252033,https://twitter.com/KnewsNut/status/1628016147374252033,KnewsNut,Twitter for iPhone,"Nova Scotia, Canada","Serious question. Who is a bigger liar, George Santos or Donald Trump.",0,0
44,2023-02-21 12:56:58+00:00,1628015926250553344,https://twitter.com/waleedsatti07/status/1628015926250553344,waleedsatti07,Twitter for Android,"Manchester, England",Donald Trump about the ousting of Imran Khan's government. https://t.co/2RkZxwpgFx,0,0
45,2023-02-21 12:56:18+00:00,1628015760332271616,https://twitter.com/beiyellowjacket/status/1628015760332271616,beiyellowjacket,Twitter Web App,TN and FL,"If the Republican Party believes Donald Trump is the only Republican candidate that can beat Joe Biden in 2024, we are in a world of hurt.  By the way, who is left in the party that Trump has not personally attacked recently? LB, KL, and MTG. Scarry.",0,0
46,2023-02-21 12:55:18+00:00,1628015507340201984,https://twitter.com/DLPodcaster/status/1628015507340201984,DLPodcaster,Twitter Web App,,"President Biden goes to a war zone to stand with our strategic ally in their time of great need.

Donald Trump bitches about it incoherently on Truth Social.

One is a leader, the other is a loser.",13,0
47,2023-02-21 12:54:58+00:00,1628015424318148608,https://twitter.com/Wille2k/status/1628015424318148608,Wille2k,Twitter for iPad,United States,"Read ""Donald Trump‚Äôs Greatest Achievement Could Mean His Doom' on SmartNews: https://t.co/TrfFv2WNcU",0,0
48,2023-02-21 12:54:17+00:00,1628015249616957440,https://twitter.com/AlexLaverty4/status/1628015249616957440,AlexLaverty4,Twitter for Android,"Glasgow, Scotland","Thought For Today

If Donald Trump hates immigrants so much.

Why does he keep marrying them?",0,0
49,2023-02-21 12:54:15+00:00,1628015243921092609,https://twitter.com/AlbertR54607481/status/1628015243921092609,AlbertR54607481,Twitter for Android,,President Donald Trump 2024.,0,0
50,2023-02-21 12:53:56+00:00,1628015161658249219,https://twitter.com/thedailybeast/status/1628015161658249219,thedailybeast,SocialFlow,"New York, NY","""Being an outstanding President requires great mental acuity &amp; physical stamina. If you don‚Äôt have these qualities or traits, it is likely you won‚Äôt succeed. MAGA!‚Äù Donald Trump wrote on Truth Social. 
https://t.co/BLcj2JZZr6",13,3
51,2023-02-21 12:53:55+00:00,1628015157778456584,https://twitter.com/Wille2k/status/1628015157778456584,Wille2k,Twitter for iPad,United States,"Read ""Donald Trump hits on offensive nickname for Ron DeSantis and Twitter is eating it up' on SmartNews: https://t.co/0GBfXZnPpQ",0,0
52,2023-02-21 12:53:51+00:00,1628015140699525121,https://twitter.com/JECallaghan1/status/1628015140699525121,JECallaghan1,Twitter Web App,Australia üá¶üá∫,"üåê‚ô¶Ô∏èüåê #Trump 

President Donald Trump‚Äôs goal for 2023? - Peace. 

üëáüëáüëáüëá",0,0
53,2023-02-21 12:53:40+00:00,1628015093928558594,https://twitter.com/a_newsman/status/1628015093928558594,a_newsman,Twitter for iPhone,"West Chester, PA","Your periodic reminder that in the six or seven years Donald Trump was on the political scene. the only time the press covered him positively, was when he was killing people with bombs. https://t.co/j8ciaSflS4",0,0
54,2023-02-21 12:53:38+00:00,1628015087570018304,https://twitter.com/VFTSolutions/status/1628015087570018304,VFTSolutions,LinkedIn,1-844-483-8765.,"Ummmm, you sure she meant #donaldtrump and not #joefromscranton? #ukrainerussianwar #china #greenenergy #domesticspending #militarypreparedness https://t.co/kjlB8voCK3",0,0
55,2023-02-21 12:53:35+00:00,1628015075368787972,https://twitter.com/NainaAghnia/status/1628015075368787972,NainaAghnia,Jetpack.com,,trump: Inside the Donald Trump grand jury that probed election¬†meddling https://t.co/InY6rod1hd,0,0
56,2023-02-21 12:53:31+00:00,1628015059531177986,https://twitter.com/CodyLike2/status/1628015059531177986,CodyLike2,Twitter for iPhone,flyover country,"I support Donald Trump for president! However, he needs to listen to his base when it comes to some of his picks! Mostly he does amazing.",0,0
57,2023-02-21 12:53:03+00:00,1628014939880456197,https://twitter.com/Thielspotting/status/1628014939880456197,Thielspotting,"Cheap Bots, Done Quick!",,Donald Trump anonymously funds legal action against The Wall Street Journal because of long-simmering resentment over misleading stock tip,0,0
58,2023-02-21 12:53:02+00:00,1628014937686540290,https://twitter.com/AlbertR54607481/status/1628014937686540290,AlbertR54607481,Twitter for Android,,President Donald Trump 2024!! We need a man like you again.,0,0
59,2023-02-21 12:53:02+00:00,1628014934180216832,https://twitter.com/SalazarSupastar/status/1628014934180216832,SalazarSupastar,Twitter for Android,Dominican Republic ,I voted for Donald Trump 2 times and Some Republicans are cool üòé but others are a pieces of shit. Some of them would say that no skill is needed to clean a restroom üöª.  Ok I'll give you the benefit of the doubt. Take a shit without complaining. https://t.co/weAN3b23tB,0,0
60,2023-02-21 12:53:00+00:00,1628014926538199042,https://twitter.com/PatrioticOn22/status/1628014926538199042,PatrioticOn22,TweetDeck,,"Donald Trump Took Major Steps Into 2024 Election

https://t.co/34OBaMOeXl",0,0
61,2023-02-21 12:53:00+00:00,1628014926391549953,https://twitter.com/PatriotVoice3/status/1628014926391549953,PatriotVoice3,TweetDeck,,"Donald Trump Took Major Steps Into 2024 Election

https://t.co/4nlhJWJBQk",1,0
62,2023-02-21 12:52:54+00:00,1628014903662374914,https://twitter.com/randomtrump1/status/1628014903662374914,randomtrump1,Random Trump,,Random Trump https://t.co/6Ua00GIaMk - #randomtrump #trump #donaldtrump #giphy #gif #gifs https://t.co/am6oz9TdHV,0,0
63,2023-02-21 12:52:19+00:00,1628014755922182148,https://twitter.com/realTonyVentura/status/1628014755922182148,realTonyVentura,Twitter Web App,Michigan's Thumb Area,"I see Melania is trending so it must be time to post my favorite picture of her and Donald Trump.
Find someone that looks at you the way Melania looks at Trudeau. https://t.co/c1SYM1cqRu",4,1
64,2023-02-21 12:51:23+00:00,1628014520613437441,https://twitter.com/TsalagiOK/status/1628014520613437441,TsalagiOK,Twitter for Android,"Indian Country, Oklahoma","Donald Trump‚Äôs lawyers try to pick a scapegoat, give away that they expect the DOJ to take Trump down https://t.co/pGza3nXU21 via @PalmerReport",1,0
65,2023-02-21 12:51:07+00:00,1628014455635279875,https://twitter.com/TommyBo03328068/status/1628014455635279875,TommyBo03328068,Twitter for Android,,"Let's face it, @POTUS appointed @SecretaryPete to Transportation Sec. not b/c he was qualified, but b/c he's gay! Both are totally incompetent for their jobs &amp; any moron democrat will blame #DonaldTrump  !",0,0
66,2023-02-21 12:50:18+00:00,1628014246972866563,https://twitter.com/Pro_PTI4/status/1628014246972866563,Pro_PTI4,Twitter for Android,"Multan, Pakistan","Former US President Donald Trump is being told how and who ended the government of Imran Khan ! 
Overthrown by Military 
#DonaldTrump #Imrankhan #a Atomic Bomb on Establishment
@ImranKhanPTI @ImranRiazKhan https://t.co/sIRCOGVCfa",0,0
67,2023-02-21 12:49:55+00:00,1628014150545772544,https://twitter.com/dceagle11/status/1628014150545772544,dceagle11,Twitter for iPhone,,Remember that leader of Republican Party - Donald Trump - praised &amp; admired naked aggression &amp; war crimes by Russia against Ukraine another sovereign country. Russia signed treaty w/Ukr in 1991 w/promise to respect its borders in exchange for nuclear weapons Ukr had. Russia lied.,0,0
68,2023-02-21 12:49:47+00:00,1628014117083811840,https://twitter.com/SabeeKazmi786/status/1628014117083811840,SabeeKazmi786,Twitter for Android,Australia,"Khan is overthrown by his Military.
Donald Trump",22,9
69,2023-02-21 12:48:22+00:00,1628013763549970432,https://twitter.com/ScottGi11362113/status/1628013763549970432,ScottGi11362113,Twitter for Android,,"Donald Trump should run as an independent or a reform party candidate and pick Tulsi Gabbard, military experience and a real woman better than Nikki Haley the Israeli puppet. Let Lindsey graham kiss Desantis' ass as the republican nominee. Haley can be desantis' VP. 3 women VP.",0,0
70,2023-02-21 12:48:04+00:00,1628013687746199553,https://twitter.com/gsDetermination/status/1628013687746199553,gsDetermination,Twitter Web App,,"Operative sentenced after funneling Russian money to Team Trump
GOP operative Jesse Benton was pardoned by Donald Trump for one crime, only to get busted again soon after for a similar crime. Now, he's headed to prison. https://t.co/6xJRGhkCBL",3,0
71,2023-02-21 12:47:54+00:00,1628013644490350596,https://twitter.com/randomtrump1/status/1628013644490350596,randomtrump1,Random Trump,,Random Trump https://t.co/nMYKMVYXxn - #randomtrump #trump #donaldtrump #giphy #gif #gifs https://t.co/rJVVcdLGKj,0,0
72,2023-02-21 12:47:42+00:00,1628013595899428866,https://twitter.com/Kdunham4peace/status/1628013595899428866,Kdunham4peace,Twitter Web App,,"Wow - ""Immigration advocates and some Democrats have criticized the administration for considering the policy, saying it is similar to the so-called transit ban that was proposed by immigration hard-liner Stephen Miller, a senior adviser to President Donald Trump, but halted in‚Ä¶",0,0
73,2023-02-21 12:47:27+00:00,1628013530380226560,https://twitter.com/gsDetermination/status/1628013530380226560,gsDetermination,Twitter Web App,,EXCLUSIVE: FORMER PRESIDENT DONALD TRUMP LEAKED CLASSIFIED RUSSIA PAPERS TO CONSERVATIVE JOURNALIST https://t.co/2a6Rbowikc,0,0
74,2023-02-21 12:47:19+00:00,1628013498407047170,https://twitter.com/magentareddot/status/1628013498407047170,magentareddot,Twitter Web App,,Magenta! States; Donald Trump was the worst President of the United States!! Hello? P.S. and Rihanna looks many times better than him!! Catch it!!,0,1
75,2023-02-21 12:47:15+00:00,1628013481470619648,https://twitter.com/nyarukonews_bot/status/1628013481470619648,nyarukonews_bot,SocialDog for Twitter,Êó•Êú¨ Â§ßÈò™,Donald Trump Absent As Iowa 2024 GOP Caucus Train Begins To Roll https://t.co/Jssu3grsu0,0,0
76,2023-02-21 12:46:47+00:00,1628013363472044033,https://twitter.com/kmossman438/status/1628013363472044033,kmossman438,Twitter for Android,"Grand Island, NE","Thought for the day. When Donald Trump was president, i knew what was going to happen. Chinese balloon enter our air space? Blow the shit out of the sky! Now, with Joe Biden as president, I don't have a clue.  Chinese balloon enter out air space watch it float across the country.",0,0
77,2023-02-21 12:46:18+00:00,1628013242944733184,https://twitter.com/ObiWan0001/status/1628013242944733184,ObiWan0001,Twitter Web App,,"(3) Republicans haveü§® slashed taxes on the wealthy, resulting in less federal revenue. Ronald Reagan, George W. Bush, and Donald Trump all reduced taxes on the wealthy (and the corporations on whose stock theyü§® collect capital gains).",0,0
78,2023-02-21 12:46:08+00:00,1628013198224785414,https://twitter.com/pk_destinations/status/1628013198224785414,pk_destinations,Twitter for Android,,Donald trump statement about Imran khan handler's ko sharum ane chahea corrupt logn ko support krna mulk k sth ghadri hai....,0,0
79,2023-02-21 12:46:03+00:00,1628013180474761216,https://twitter.com/WizePenguin/status/1628013180474761216,WizePenguin,Twitter Web App,AUSTRALIA Tasmania,"Fox News Launches 'Purge' to 'Get Rid of Real Journalists' https://t.co/k1hSWwGLb5 via @thedailybeast
Fox News on Tuesday fired political editor who was tasked with defending the network's election night decisions that especially angered President Donald Trump and his allies.",0,0
80,2023-02-21 12:45:54+00:00,1628013139265523712,https://twitter.com/kevindelfino125/status/1628013139265523712,kevindelfino125,Twitter Web App,,"This way üëáüèæüëáüèæ
Former Donald Trump administration official @mikepompeo confessed that it was the @whitehouse's knowledge of Alex Saab's diplomatic status and his abduction.
#FreeAlexSaab 
@JoeBiden @NicolasMaduro @jakesullivan46 
https://t.co/KRJJeBRZUA....",0,0
81,2023-02-21 12:45:45+00:00,1628013103077027841,https://twitter.com/ReportingfromNY/status/1628013103077027841,ReportingfromNY,Twitter for iPhone,New York,"If Donald Trump were still the President, he‚Äôd be out surveying the city of Kyiv too. With Putin.",1,0
82,2023-02-21 12:45:43+00:00,1628013095405715462,https://twitter.com/JamesTate121/status/1628013095405715462,JamesTate121,Twitter Web App,Hudson Valley ,Cadet bone spur Donald Trump verse Joe Biden. https://t.co/e4UkNC8buc,45,18
83,2023-02-21 12:45:24+00:00,1628013013600194561,https://twitter.com/JohnGranillo3/status/1628013013600194561,JohnGranillo3,Twitter for Android,,My President Is Donald Trumpüá∫üá≤üá∫üá≤üá∫üá≤üá∫üá≤üá∫üá≤,0,0
84,2023-02-21 12:45:17+00:00,1628012985238036480,https://twitter.com/Eyes_Wide_O_Pen/status/1628012985238036480,Eyes_Wide_O_Pen,Twitter for iPhone,United States,"More Disinformation in this sentence‚Äî-&gt; ‚ÄúFormer President Donald Trump tried to call into Fox News after HiS SUPPORTERS ATTACKED the US Capitol on January 6, 2021‚Äù ‚Å¶@CNN‚Å©  I think this will not AGE well labeling supporters!‚Äôn https://t.co/zOkAF26Krj",0,0
85,2023-02-21 12:44:18+00:00,1628012738768171009,https://twitter.com/MrCapitalist6/status/1628012738768171009,MrCapitalist6,Twitter for iPhone,,"When people ask me what my opinion of Donald Trump is:

(‚ö†Ô∏èWarning explicit language)

https://t.co/OHvGaeE5Ga",0,0
86,2023-02-21 12:43:35+00:00,1628012556014034945,https://twitter.com/BedRock079TM/status/1628012556014034945,BedRock079TM,Twitter for Android,S√£o Paulo - Brasil,".@TuckerCarlson: ""Donald Trump had far wiser instincts about American foreign policy than any leader in at least a generation.""",1,1
87,2023-02-21 12:43:22+00:00,1628012504923226113,https://twitter.com/DeanObeidallah/status/1628012504923226113,DeanObeidallah,Twitter Web App,,"Donald Trump is heading to East Palestine, Ohio on Wednesday. Trump will be offering comfort to the people of East Palestine suffering from the train derailment by sharing how the 2020 election was ""rigged"" and how he's really the biggest victim of the train accident.",240,48
88,2023-02-21 12:43:10+00:00,1628012453538971649,https://twitter.com/weaverXP/status/1628012453538971649,weaverXP,Twitter for Android,Harrisburg Pa,Donald Trump.,0,0
89,2023-02-21 12:43:04+00:00,1628012429715329024,https://twitter.com/iWeStayUnited/status/1628012429715329024,iWeStayUnited,"Cheap Bots, Done Quick!",,"''Hating people because of their skin color is wrong and it doesn't matter which color does the hating''. - Muhammad Ali the ''If you look at his wife, she was standing there. She had nothing to say. She probably, maybe she wasn't allowed to have anything to say'' - Donald Trump.",0,0
90,2023-02-21 12:42:55+00:00,1628012389969891328,https://twitter.com/randomtrump1/status/1628012389969891328,randomtrump1,Random Trump,,Random Trump https://t.co/Dfp6JGRrUt - #randomtrump #trump #donaldtrump #giphy #gif #gifs https://t.co/HaQSJCJq2v,0,0
91,2023-02-21 12:41:48+00:00,1628012109903560706,https://twitter.com/LadyWoman1791/status/1628012109903560706,LadyWoman1791,Twitter for iPhone,,"Donald Trump‚Äôs ‚Äòforeign policy‚Äô is based who will give him a loan. If the US banks had continued to give this loser the loans he needed he‚Äôd be singing Biden‚Äôs praises instead of Putin‚Äôs. @TuckerCarlson knows that, but thinks it‚Äôs us that are stupid enough to swallow lies",0,0
92,2023-02-21 12:41:46+00:00,1628012100298612738,https://twitter.com/RNK_news/status/1628012100298612738,RNK_news,Twitter for Android,,Donald trump about imran khan. #DonaldTrump #DONALDTRUMP2024 #ImranKhan #ImranKhanForPakistan #ImranKhanArrest #ImranKhanOurRedLine #imrankhanPTI #pakistan #america @ImranRiazKhan @ImranKhanPTI https://t.co/1vAzpRtKrI,0,0
93,2023-02-21 12:41:26+00:00,1628012017649868801,https://twitter.com/riffatrehanarif/status/1628012017649868801,riffatrehanarif,Twitter for iPhone,"Allston - Brighton, Boston","Imran khan received a rousing welcome from a charged and enthusiastic crowd in Lahore  on a hearing in high court ,
And Donald trump got the same reception from the bustling crowd in Ohio , where he went to see the site of a spilled chemical.
There is so much common among them!!! https://t.co/8fWkX2Mk4r",2,0
94,2023-02-21 12:41:14+00:00,1628011967209414656,https://twitter.com/jillian_zupan/status/1628011967209414656,jillian_zupan,Twitter Web App,,Donald Trump DESTROYS ‚ÄúThird Rate Reporter‚Äù https://t.co/AQRDx20Kkd via @YouTube,0,0
95,2023-02-21 12:40:42+00:00,1628011833914441733,https://twitter.com/Candid_Banter/status/1628011833914441733,Candid_Banter,Twitter Web App,"Newcastle, AUS via USA in 2013","With Trump and Nikki Haley announcing runs &amp; Ron DeSantis obv going too it looks like the 2024 GOP ticket will literally just be:

-Donald Trump
-Donna Trump
-Ronald Trump

Let the right consume itself from within, split votes and hand the left another win ü§∑‚Äç‚ôÇÔ∏è",1,0
96,2023-02-21 12:39:51+00:00,1628011619967025154,https://twitter.com/TrexxHall/status/1628011619967025154,TrexxHall,Twitter Web App,Below The Heavens  ,I cannot believe Donald Trump is really about to run it back lmao,0,0
97,2023-02-21 12:39:40+00:00,1628011572948881409,https://twitter.com/tmsnbb/status/1628011572948881409,tmsnbb,Twitter Web App,Cape Girardeau MO,"Atlanta GA News Inside the Donald Trump grand jury that probed election meddling Coffee Cornbread Honey
https://t.co/xMuAt5OmTR",1,1
98,2023-02-21 12:39:30+00:00,1628011530649235458,https://twitter.com/Mike88972140/status/1628011530649235458,Mike88972140,Twitter for Android,,If Donald Trump goes to the derailment site in Ohio I hope he inhales all of the smoke and chokes,0,0
99,2023-02-21 12:39:02+00:00,1628011412168794115,https://twitter.com/jillian_zupan/status/1628011412168794115,jillian_zupan,Twitter Web App,,Donald Trump calls the majority of political media ‚Äúreally really‚Äù Disho... https://t.co/7diYPSLZps via @YouTube,0,0
100,2023-02-21 12:38:08+00:00,1628011186003345410,https://twitter.com/TipsyPianoBar/status/1628011186003345410,TipsyPianoBar,Twitter for iPad,United States,When Donald Trump got us out of any wars.,2,1
101,2023-02-21 13:09:31+00:00,1628019085308043272,https://twitter.com/Elon1forthewin/status/1628019085308043272,Elon1forthewin,Twitter for iPhone,,"@ReefSixtyNine69 You can‚Äôt support Joe Biden, climate change and Ukraine at the same time‚Ä¶‚Ä¶a few nukes may actually  change the climate ü§∑‚Äç‚ôÇÔ∏èüëΩ",0,0
102,2023-02-21 13:09:27+00:00,1628019069587693569,https://twitter.com/vere_veritas/status/1628019069587693569,vere_veritas,Twitter for Android,Earth,"@Telegraph soon in Kaliningrad... Europeans can sleep in peace... thank you Joe Biden, our great statesman. https://t.co/Gkee20aGYZ",0,0
103,2023-02-21 13:09:27+00:00,1628019067217932288,https://twitter.com/AffInt/status/1628019067217932288,AffInt,Twitter Web App,,"üá∫üá∏üá∫üá¶In attesa del discorso di Joe Biden da Varsavia, atteso nel pomeriggio di oggi, l'analisi di @Ric_Alcaro sulle posizioni dell'Amministrazione Biden sulla guerra e sul supporto all'#Ucraina sotto attacco, un anno dopo l'invasione russa ‚¨áÔ∏è
https://t.co/xVLQ9M6NMH https://t.co/FSOIfaYuFv",0,0
104,2023-02-21 13:09:27+00:00,1628019066983288832,https://twitter.com/Plman4D/status/1628019066983288832,Plman4D,Twitter for iPhone,"Champaign, IL","@Liana53160 @Serenityin24 I knew Joe Biden loves children, but I didn‚Äôt know he went both ways",0,0
105,2023-02-21 13:09:25+00:00,1628019060951732224,https://twitter.com/davidragland111/status/1628019060951732224,davidragland111,Twitter for iPhone,The land of the free ,"All you die hard democrats, Joe Biden is playing y‚Äôall for the fools you are WTFU",0,0
106,2023-02-21 13:09:20+00:00,1628019039116091392,https://twitter.com/ShePersisted001/status/1628019039116091392,ShePersisted001,Twitter Web App,,"@markoramius99 @POTUS @JoeBiden Happy to see you have such a great command of the english language, lol https://t.co/VgLoHH5iKq",0,0
107,2023-02-21 13:09:18+00:00,1628019031134568449,https://twitter.com/belozero/status/1628019031134568449,belozero,Twitter Web App,"Fairbanks, Alaska",@RepMTG This American loves Joe Biden. But you? Not so much,0,0
108,2023-02-21 13:09:18+00:00,1628019031092477952,https://twitter.com/Demydeee/status/1628019031092477952,Demydeee,Twitter for Android,Anywhere there is Food ,"Is Ganduje moving with Joe Biden? 

Convoy ti poju.",0,0
109,2023-02-21 13:09:17+00:00,1628019024281083905,https://twitter.com/Hinnenkamp1957/status/1628019024281083905,Hinnenkamp1957,Twitter for Android,"Caldwell, ID",@HawleyMO Joe Biden is a loser,0,0
110,2023-02-21 13:09:16+00:00,1628019023261880320,https://twitter.com/ungriza/status/1628019023261880320,ungriza,Twitter Web App,Emerald City ,"hey you guys remember when Joe Biden said you ain't black if you don't vote for him?

then people voted for him and still act like he's respectable?  ü§£üòÇüòπ

ü§° clown world ü§°",0,0
111,2023-02-21 13:09:15+00:00,1628019017821704192,https://twitter.com/JEy_Pz/status/1628019017821704192,JEy_Pz,Twitter for Android,Venezuela Indomable,"üá∫üá∏ üáµüá± | #Polonia | El genocida @JoeBiden llega al Castillo Real de Varsovia para su reuni√≥n con su hom√≥logo, @AndrzejDuda. https://t.co/s1wZWTBVFR",0,0
112,2023-02-21 13:09:14+00:00,1628019010989178880,https://twitter.com/millerfaye14/status/1628019010989178880,millerfaye14,Twitter for iPhone,"Iowa, USA",Then there‚Äôs announcement too American people that Joe Biden cannot serve as President no longer ‚Ä¶ due to couldn‚Äôt get him from glowing‚Ä¶ so ‚Ä¶ https://t.co/S7OjW9A0GP,0,0
113,2023-02-21 13:09:13+00:00,1628019007940091904,https://twitter.com/tntradiolive/status/1628019007940091904,tntradiolive,Twitter Web App,,"#SkyNews Australia host Rita Panahi burst into laughter live on air after viewing a montage of US President #JoeBiden‚Äôs most memorable blunders.
https://t.co/GMo0W06rdP",0,0
114,2023-02-21 13:09:12+00:00,1628019004135682051,https://twitter.com/MrNsala1/status/1628019004135682051,MrNsala1,Twitter for iPhone,,@gisele_mulumba @BenitaNtumba @bob_vanderhoeve @StavrosPapaioa2 @Florydangoma520 @BukasaEmmanuel2 @ManixKen @FalialaKiza @wifiyamboka @abelamundala @harvey_kasongo Tu n‚Äòes pas intelligente sans blague ! Donc si son pays souffre ect on est pas obliger de vaquer √† ses besoins ect ? Joe Biden doit porter des habits d√©chirer parce que la Russie a attaqu√© les UsA ? To zala mayele kohh,0,0
115,2023-02-21 13:09:12+00:00,1628019003716259844,https://twitter.com/eVilleMike/status/1628019003716259844,eVilleMike,Twitter Web App,"Charlottesville, VA","Just wanna drop this in:
Joe Biden is 80 years old, he dodders a bit, and he can gaffe with the best of 'em.
But he's got brains, great heart, and brass balls -  he's a badass. Do not underestimate that man.",0,0
116,2023-02-21 13:09:11+00:00,1628019000255938561,https://twitter.com/jeffgree2020/status/1628019000255938561,jeffgree2020,Twitter for Android,,"@RepMattGaetz @FoxNews Lol   your pathetic.
Your guy lost! He got decimated and owned by the Dems.  You keep betting on Trump, and you keep losing!  

Ps- your president is Joe Biden.

Say it with pride! President Biden 2024!",0,0
117,2023-02-21 13:09:11+00:00,1628018998888759297,https://twitter.com/Jaketek_Lucy/status/1628018998888759297,Jaketek_Lucy,Twitter Web App,"16, Mixed race, Bisexual :)","@ArielBellCh @inthenameofKane naw man that joe biden recording was vile, and honestly sounded like projection.

Ive seen funny ones where american presidents play minecraft together, wish people would just stick to that. 
Not telling people that their life will end in suicide over things out of their control.",0,0
118,2023-02-21 13:09:09+00:00,1628018992970612736,https://twitter.com/YVothihai/status/1628018992970612736,YVothihai,Twitter Web App,,"@IuliiaMendel The appearance of President Joe Biden, PM. Melon in Kyiv makes the Putin's speech on the 1st anniversary of one year invading üá∫üá¶ become no value.

üá∑üá∫has not enough time to change written speech.

Putin failed in üá∑üá∫ land.",0,0
119,2023-02-21 13:09:07+00:00,1628018983516635137,https://twitter.com/ojoco/status/1628018983516635137,ojoco,Twitter Web App,Lovasber√©ny,"H√∫, a l√©gszir√©na megsz√≥lalt, amikor Biden √°tbotlott Kijeven, hamis volt

""Az elm√∫lt √∂t napban itt voltam. Nem hallottam semmilyen robban√°st. Nem hallottam l√©gszir√©n√°t eg√©szen k√∂r√ºlbel√ºl f√©l √≥r√°val ezel≈ëttig, pontosan akkor, amikor Joe Biden Kijev k√∂zpontj√°ban volt.""",0,0
120,2023-02-21 13:09:07+00:00,1628018981759029248,https://twitter.com/WINYRadio/status/1628018981759029248,WINYRadio,Twitter Web App,"Putnam, CT","FROM THE WINY RADIO NEWSROOM:  WARSAW, Poland (AP) ‚Äî President Joe Biden is meeting with Polish President Andrzej Duda as he consults with https://t.co/6mRyc4AKHR",0,0
121,2023-02-21 13:09:06+00:00,1628018980794380296,https://twitter.com/andy_hc/status/1628018980794380296,andy_hc,Twitter for iPhone,,"@Leofric__ @trzaskowski_ @warszawa @POTUS @JoeBiden @kaitlancollins @CNNThisMorning @KolendaK @faktypofaktach We≈∫ zamilcz, reprezentuje nas godnie",2,0
122,2023-02-21 13:09:06+00:00,1628018980555485184,https://twitter.com/TCG0223/status/1628018980555485184,TCG0223,Twitter for iPhone,"Maryland, USA","On President‚Äôs Day, @joebiden goes to Ukraine with fake air raid sirens vs visiting the suffering Americans in East Palestine.  He is a disgrace. America Last policy. #EastPalenstine @nypost @elonmusk @Jim_Jordan @HouseGOP @SenateGOP @Sen_JoeManchin #MAGA @newsmax @oann @foxnews",0,0
123,2023-02-21 13:09:06+00:00,1628018978705604608,https://twitter.com/CarlosSimancas/status/1628018978705604608,CarlosSimancas,Twitter for iPhone,USA,"Did Joe Biden come back from Ukraine üá∫üá¶ with his 10%?

#thebigguy",1,0
124,2023-02-21 13:09:02+00:00,1628018963459330050,https://twitter.com/vranx93/status/1628018963459330050,vranx93,Twitter for Android,,@illies74706809 @WarNewsPL1 @JoeBiden @AndrzejDuda Putin na pewno zrobi≈Ç kupƒô. Ostatnio nawet w spodnie mu siƒô zdarzy.,0,0
125,2023-02-21 13:09:01+00:00,1628018958409543681,https://twitter.com/cbyrdman1968/status/1628018958409543681,cbyrdman1968,Twitter for Android,Kansas City Kansas ,@RobbStoneStar @RepJimBanks And you thought you was going to tell me something about disability. That's what happens when you stick your head in business you know nothing about. Stick with your butt buddies. Something you know all about taking it in the back door. Kind of like Joe Biden bribes,0,0
126,2023-02-21 13:08:59+00:00,1628018952180838400,https://twitter.com/Mc_Kalen/status/1628018952180838400,Mc_Kalen,Twitter for iPhone,,have you ever seen ice spice and joe biden in the same room?,0,0
127,2023-02-21 13:08:53+00:00,1628018925949550592,https://twitter.com/Konfederat1768/status/1628018925949550592,Konfederat1768,Twitter for Android,,@bgbline @WarNewsPL1 @AndrzejDuda @JoeBiden Jeste≈õ pan cz≈Çowiekiem wielkiej wiary,0,0
128,2023-02-21 13:08:52+00:00,1628018922204065793,https://twitter.com/SlawomiraR/status/1628018922204065793,SlawomiraR,Twitter Web App,Na szczƒô≈õcie ju≈º nie Pozna≈Ñ.,"@trzaskowski_ @warszawa @POTUS @JoeBiden @kaitlancollins @CNNThisMorning @KolendaK @faktypofaktach No, panie prezydencie, kamasze i na front, skoro taka wa≈ºna ta wizyta!",0,0
129,2023-02-21 13:08:51+00:00,1628018917833580546,https://twitter.com/MaryKatherineM8/status/1628018917833580546,MaryKatherineM8,Twitter for Android,"Littlefork, MN",@POTUS #JoeBiden in #Poland to discuss and negotiate is a disaster in waiting.,0,0
130,2023-02-21 13:08:51+00:00,1628018917791916032,https://twitter.com/funshographix/status/1628018917791916032,funshographix,Twitter Web App,Afrika ,When Donald Trump was still the president. He made peace with Putin. The moment Joe Biden came into power. He made Putin his enemy. They used zelensky. A comedian president. They used him against Russia for their selfish interests.,3,1
131,2023-02-21 13:08:48+00:00,1628018903820402688,https://twitter.com/Ela99643604/status/1628018903820402688,Ela99643604,Twitter Web App,,@nowePSL @JoeBiden @M_Maliszewski @tvp_info ≈ömiech i duma g≈Çupc√≥w. Do Polski przyjecha≈Ço 10 mln uchod≈∫c√≥w. Czy krew polska bƒôdzie ta sama? Czy wiara polska bƒôdzie ta sama?zrobili≈õcie z kraju ruinƒô nawet demograficznƒÖ,0,0
132,2023-02-21 13:08:43+00:00,1628018882379386884,https://twitter.com/KaijuKamerad/status/1628018882379386884,KaijuKamerad,Twitter Web App,,"@tekstone ""Joe Biden is a good man"" cured me.",0,0
133,2023-02-21 13:08:42+00:00,1628018880156246018,https://twitter.com/ricchaarr/status/1628018880156246018,ricchaarr,Twitter Web App,"Saint-Martin-d'H√®res, France",accusations massives contre Joe Biden : https://t.co/RrrCOATn8D,1,0
134,2023-02-21 13:08:42+00:00,1628018878982029321,https://twitter.com/Bobby_1745/status/1628018878982029321,Bobby_1745,Twitter for iPad,,"@Maitre_Paine @krassenstein Quid Pro Quo Joe Biden is your friend.
That‚Äôs why he went to Ukraine instead of East Palestine Ohio.",0,0
135,2023-02-21 13:08:38+00:00,1628018861630005248,https://twitter.com/twittlebird21/status/1628018861630005248,twittlebird21,Twitter Web App,USA,"@simonateba Ok @JoeBiden joey boy you did this. Congratulations. You managed to get the entire planet to hate you.
except porn queen dancer zelenskyy of course.",0,0
136,2023-02-21 13:08:37+00:00,1628018857754361857,https://twitter.com/Arth79586561/status/1628018857754361857,Arth79586561,Twitter for Android,Solar system,@PremierRP @AndrzejDuda @JoeBiden @POTUS @MorawieckiM @prezydentpl https://t.co/BnBy6ZNb5X,0,0
137,2023-02-21 13:08:37+00:00,1628018856554909698,https://twitter.com/GullahRehabbed/status/1628018856554909698,GullahRehabbed,IFTTT,Scaring Women With DL Husbands,"Cakedaddy THINE Geechee Prince is reading ""Sale of Manchester United Highlights Pricey Bets on Soccer"" a story that references @POTUS @joebiden by Andrew Ross Sorkin, Ravi Mattu, Bernhard Warner, Sarah Kessler, Michael J. de la Merced, Lauren Hirsch and ‚Ä¶ https://t.co/oNYZO9lwDW",0,0
138,2023-02-21 13:08:37+00:00,1628018856093532169,https://twitter.com/BohemianAtmosp1/status/1628018856093532169,BohemianAtmosp1,Twitter for iPhone,,Last night I jumped on a space with 1000+ listeners. One of the speakers said that ‚ÄúJoe Biden is the captain of this plane‚Äù. I think he was being serious too. üòÇüòÇüòÇ,2,0
139,2023-02-21 13:08:36+00:00,1628018853392384000,https://twitter.com/GullahRehabbed/status/1628018853392384000,GullahRehabbed,IFTTT,Scaring Women With DL Husbands,"Cakedaddy THINE Geechee Prince is reading ""A Sudden Rush to Make Sustainable Aviation Fuel Mainstream"" a story that references @POTUS @joebiden by David Gelles via NYT https://t.co/xNYu6mY0Ae",0,0
140,2023-02-21 13:08:34+00:00,1628018844173213701,https://twitter.com/docofroc77/status/1628018844173213701,docofroc77,Twitter for iPhone,"Du Quoin, IL",@joncoopertweets You posted wrong picture for Joe Biden https://t.co/1dxIuK35sr,0,0
141,2023-02-21 13:08:32+00:00,1628018838959693827,https://twitter.com/seriouslyabk/status/1628018838959693827,seriouslyabk,Twitter for iPhone,,"Somehow Biden has transferred his own checkered history of racial disparagement onto the white working class.

The Toxic Racialist Obsessions of Joe Biden ‚Ä∫ American Greatness https://t.co/l5liVuj2ga",0,0
142,2023-02-21 13:08:25+00:00,1628018806856744960,https://twitter.com/EatZeBugzz/status/1628018806856744960,EatZeBugzz,Twitter Web App,,"@wil_da_beast630 Also easy, Joe Biden",0,0
143,2023-02-21 13:08:24+00:00,1628018803681669121,https://twitter.com/ElizabethRBess/status/1628018803681669121,ElizabethRBess,Twitter for iPhone,British Columbia ~ Canada üá®üá¶,"@ASLuhn Such a show of courage and class by @JoeBiden 
God bless him üôè

#SlavaUkraini üá∫üá¶üá∫üá∏",0,0
144,2023-02-21 13:08:23+00:00,1628018801026510859,https://twitter.com/CarolineforMA5/status/1628018801026510859,CarolineforMA5,Twitter for iPad,"Stoneham, MA",Every time the price of something goes up they blame the oil companies or the farmers etc‚Ä¶Slick and opportunistic politicians like @WhipKClark @SenWarren @JoeBiden will NEVER admit their own policies ARE the ROOT CAUSE of INFLATION. 31 Trillion - let that sink in. @RNCResearch,0,0
145,2023-02-21 13:08:21+00:00,1628018788712022016,https://twitter.com/PxOfGreatness/status/1628018788712022016,PxOfGreatness,Twitter for iPhone,"Denver, CO",@NOELreports Joe Biden is supporting this war using US taxpayer dollars borrowed from future generations simply to cover up his own corruption and money laundering op. Period.,0,0
146,2023-02-21 13:08:20+00:00,1628018786686099456,https://twitter.com/marielSiviglia/status/1628018786686099456,marielSiviglia,Twitter for Android,"Prato, Toscana","Giorgia Meloni pu√≤ dire quello che vuole. Solo a dei folli come Joe Biden, Stoltenberg e Ursula Von DerLeyen, poteva venire in mente di dichiarare guerra ad una delle potenze nucleari pi√π grandi del mondo.
Dovr√† rispondere agli italiani, contrari alle follie di Zelenskyy.",1,0
147,2023-02-21 13:08:19+00:00,1628018780948533255,https://twitter.com/ZeeBusiness/status/1628018780948533255,ZeeBusiness,Twitter Media Studio,India,"üåêüá∫üá∏‡§ú‡•ã ‡§¨‡§æ‡§á‡§°‡•á‡§® ‡§ï‡•á Ukraine ‡§¶‡•å‡§∞‡•á ‡§ï‡•á ‡§ï‡•ç‡§Ø‡§æ ‡§π‡•à‡§Ç ‡§Æ‡§æ‡§Ø‡§®‡•á?

#JoeBiden ‡§ï‡§æ ‡§Ø‡•Ç‡§ï‡•ç‡§∞‡•á‡§® ‡§¶‡•å‡§∞‡§æ Surprise ‡§®‡§π‡•Ä‡§Ç Decided ‡§•‡§æ?

‡§Ø‡•Ç‡§ï‡•ç‡§∞‡•á‡§® ‡§¶‡•å‡§∞‡•á ‡§Æ‡•á‡§Ç ‡§ï‡•ç‡§Ø‡§æ ‡§π‡•Å‡§Ü ‡§ñ‡§æ‡§∏?

üá∑üá∫üá∫üá¶‡§∞‡•Å‡§∏-‡§Ø‡•Ç‡§ï‡•ç‡§∞‡•á‡§® ‡§µ‡§ø‡§µ‡§æ‡§¶ ‡§Æ‡•á‡§Ç ‡§ï‡•ç‡§Ø‡§æ ‡§π‡•à ‡§Ö‡§™‡§°‡•á‡§ü‡•ç‡§∏?

‡§ú‡§æ‡§®‡•á‡§Ç ‡§™‡•Ç‡§∞‡•Ä Timeline ‡§è‡§≤‡•Ä‡§Æ‡•á‡§Ç‡§ü‡•ç‡§∏ ‡§™‡•ç‡§≤‡•à‡§ü‡§´‡•â‡§∞‡•ç‡§Æ‡•ç‡§∏ ‡§ï‡•á ‡§ö‡•á‡§Ø‡§∞‡§Æ‡•à‡§® @Ajay_Bagga ‡§∏‡•á

#RussiaUkraineWar @AnilSinghvi_ https://t.co/q2n4WYQVtU",2,0
148,2023-02-21 13:08:17+00:00,1628018772065005568,https://twitter.com/VincentDuchate5/status/1628018772065005568,VincentDuchate5,Twitter for iPhone,"Long Beach, CA",‚Å¶@WhiteHouse‚Å© ‚Å¶@POTUS‚Å©     Joe Biden is a liar and he has the nerve and ignorance to say Republicans are the ones to cut Social Security  https://t.co/GOQWYOcNCV,0,0
149,2023-02-21 13:08:16+00:00,1628018770009591808,https://twitter.com/Vl8001/status/1628018770009591808,Vl8001,Twitter for Android,,Joe Biden der Kriegstreiber knuddelt den anderen Kriegstreiber. Er sagt ihm junge mach weiter so wir wollen Russland zerst√∂ren. Wir wollen das Europa abh√§ngig wird von USA. Wir wollen noch mehr Osterweiterung um Russland zu umstellen. Keiner ist putinfreund aber  nicht selenski,0,0
150,2023-02-21 13:08:16+00:00,1628018768235446278,https://twitter.com/stngrayj33/status/1628018768235446278,stngrayj33,Twitter Web App,Land of Three Mile Island,@KaCurrie_45 @JoeBiden Sounds like a kid giving a book report on a book he didn't read...,0,0
151,2023-02-21 13:08:15+00:00,1628018767161659392,https://twitter.com/DT01642550/status/1628018767161659392,DT01642550,Twitter for iPhone,,@POTUS @JoeBiden is a freakin traitor!,0,0
152,2023-02-21 13:08:14+00:00,1628018761633505280,https://twitter.com/ResisterInGA/status/1628018761633505280,ResisterInGA,Twitter for Android,Dirty South,"@KariLake @JoeBiden Maybe if the governor had declared an emergency right  away instead of waiting, help would have come sooner. But he waited and waited and waited.",0,0
153,2023-02-21 13:08:11+00:00,1628018750044753924,https://twitter.com/Schraz8/status/1628018750044753924,Schraz8,Twitter for iPhone,ATL,@SenRickScott @JoeBiden @MorningsMaria @FoxBusiness Why haven‚Äôt you declared war against China? They are killing 100K+ Americans/year with their chemical warfare attack (fentanyl).,0,0
154,2023-02-21 13:08:11+00:00,1628018748274753538,https://twitter.com/SPECIALMASTER77/status/1628018748274753538,SPECIALMASTER77,Twitter for Android,,"@JoeBiden
@JamesComer
@TMZ
@HouseDemocrats
@HouseGOP
@SenateGOP
@ABC
@NBC
@CBS
@NEWSMAX
@FoxNews
@NPR
@OANN
@CNN
@SenTedCruz
@GOP
@DNC
@FBI
@TheJusticeDept
@robreiner
@ACTBrigitte",0,0
155,2023-02-21 13:08:09+00:00,1628018741500936192,https://twitter.com/JakeAnthony502/status/1628018741500936192,JakeAnthony502,Twitter for iPhone,,@JoeBiden #we aren‚Äôt stupid buddy,0,0
156,2023-02-21 13:08:09+00:00,1628018739772899329,https://twitter.com/EchiquierSocial/status/1628018739772899329,EchiquierSocial,Twitter Web App,Paris,"Train depuis #Kiev puis avion de la pr√©sidence üáµüá± : Joe Biden est arriv√© √† Varsovie. Le programme de la visite de 2 jours au cours de laquelle le Pdt üá∫üá∏ rencontrera √©galement les dirigeants du groupe 9B, r√©unissant ds membres de l'OTAN en Europe de l'Est 
https://t.co/KjyTtTJcOn https://t.co/TUOnNguTqq",0,0
157,2023-02-21 13:08:04+00:00,1628018719883403265,https://twitter.com/BillMor47032375/status/1628018719883403265,BillMor47032375,Twitter for Android,,"@laurenboebert No more money to Ukraine until are boarder's are secure.
Taxpayers shouldn't pay for Joe Biden Ukraine war.
Time to impeach Joe Biden prove your fighting for American people.",0,0
158,2023-02-21 13:08:04+00:00,1628018718646083588,https://twitter.com/JohnMillerIII9/status/1628018718646083588,JohnMillerIII9,Twitter for Android,,@JoeBiden You are only investing in Ukraine and about to get us in ww3.. .following the same pattern that led us into ww1. Smh,0,0
159,2023-02-21 13:08:01+00:00,1628018707866738688,https://twitter.com/AlexaMargaRevo/status/1628018707866738688,AlexaMargaRevo,Twitter for Android,,"ùêÖùê®ùê´ùêÆùê¶ ùêÄùêßùê≠ùê¢ùê¶ùê©ùêûùê´ùê¢ùêöùê•ùê¢ùê¨ùê≠ùêö, ùê¢ùê• ùê¨ùêûùê™ùêÆùêûùê¨ùê≠ùê´ùê® ùêùùê¢ ùêÄùê•ùêûùê± ùêíùêöùêöùêõ, ùêÇùêöùê´ùêöùêõùê®ùêõùê® üáªüá™  

ùóôùó•ùóòùóò ùóîùóüùóòùó´ ùó¶ùóîùóîùóï 
#FreeAlexSaab
@POTUS @JoeBiden @POTUS @StateSPEHA  @USUN #gfvip  https://t.co/XhqKKUUmVE",0,0
160,2023-02-21 13:07:58+00:00,1628018696034689024,https://twitter.com/chuymunguiamo/status/1628018696034689024,chuymunguiamo,Twitter for Android,M√âXICO. ,Un aviso a Mosc√∫ y 10 horas en tren: c√≥mo fue el viaje secreto de Joe Biden a Ucrania https://t.co/KCRyX6PPg8 v√≠a @El_Universal_Mx,0,0
161,2023-02-21 13:07:58+00:00,1628018693354532864,https://twitter.com/mw_kosh/status/1628018693354532864,mw_kosh,Twitter Web App,"Ma≈Çopolskie, Polska",@trzaskowski_ @warszawa @POTUS @JoeBiden @kaitlancollins @CNNThisMorning @KolendaK @faktypofaktach I powiesz ≈ºe jeste≈õ synalkiem SB-ckiej donosicielki?,0,0
162,2023-02-21 13:07:57+00:00,1628018691441926144,https://twitter.com/dianamcmahan64/status/1628018691441926144,dianamcmahan64,Twitter for Android,,@ProudElephantUS Joe Biden is only doing what he is told to do but whoever's pulled his strings which I do not believe are Americans,0,0
163,2023-02-21 13:07:56+00:00,1628018685771239424,https://twitter.com/lionsden168/status/1628018685771239424,lionsden168,Twitter for iPhone,"Longwood, FL","@CreditCheryl @DreamMan_NG @DailyLoud @JoeBiden Funny how they all attack twitter but they are all on twitter üòÇ bunch of hypocrite scumbags.. and for your information, I was a Republican and voted for Trump his first term, key word I WAS!!",0,0
164,2023-02-21 13:07:55+00:00,1628018683103641600,https://twitter.com/UnderTheFold2/status/1628018683103641600,UnderTheFold2,Twitter for iPhone,Beach,"@SenRickScott @JoeBiden Time to catch up Rick Van Winkle. 
We have moved on from balloons.",0,0
165,2023-02-21 13:07:55+00:00,1628018682398924800,https://twitter.com/LisaAHellman/status/1628018682398924800,LisaAHellman,Twitter for iPhone,,@JoJoFromJerz @RepMTG No dear. We DO HATE JOE BIDEN. WORSE PRESIDENT IN HISTORY. IF he were even president. Which he‚Äôs clearly NOT.,0,0
166,2023-02-21 13:07:55+00:00,1628018680297578496,https://twitter.com/Martin_POL_80/status/1628018680297578496,Martin_POL_80,Twitter for Android,"Warszawa, Polska","@trzaskowski_ @warszawa @POTUS @JoeBiden @kaitlancollins @CNNThisMorning @KolendaK @faktypofaktach Tylko gadac potrafisz, nic wiƒôcej",0,0
167,2023-02-21 13:07:54+00:00,1628018678036922368,https://twitter.com/stringerukraine/status/1628018678036922368,stringerukraine,Twitter Web App,Switzerland,Someone fell out of Joe Biden's plane. The incident occurred during the arrival of the US President in Poland. https://t.co/ZBVm9hhiqx,1,0
168,2023-02-21 13:07:54+00:00,1628018676837351428,https://twitter.com/JohnRHancock3/status/1628018676837351428,JohnRHancock3,Twitter Web App,"Dallas, Texas","Has the USA been haters to both Russia &amp; China? Are we like Pontius Pilate/King Herod. Dear God of Jesus and our God help Joe Biden to bring more unity, love and understanding to a world threatening to destroy our children. I am a spoiled baby. Joe Biden is strong, &amp; on his feet.",1,0
169,2023-02-21 13:07:53+00:00,1628018674736017409,https://twitter.com/DarekZimmerman/status/1628018674736017409,DarekZimmerman,Twitter Web App,Gda≈Ñsk,@Elbieta66551879 @trzaskowski_ @POTUS @JoeBiden @warszawa Nie oglƒÖda≈Çem. SƒÖ jakie≈õ zdjƒôcia? Filmy?,0,0
170,2023-02-21 13:07:53+00:00,1628018674471735298,https://twitter.com/SheDidItRight22/status/1628018674471735298,SheDidItRight22,Twitter Web App,,"Again, none of these so-called journalists, Beltway bloviators have absolutely no problem with Trump‚Äòs age or with Warren‚Äôs age or with Bernie Sanders‚Äôs age. But they obsess over Joe Biden. Why? I think it‚Äôs more to do with Kamala Harris. I‚Äôm believe that age is a smokescreen.",0,0
171,2023-02-21 13:07:52+00:00,1628018668188667908,https://twitter.com/tkwhalen/status/1628018668188667908,tkwhalen,Twitter for Android,,@jacklarimer @PressSec @POTUS @JoeBiden By saying I am proud of my President? Seriously? üòÑ,0,0
172,2023-02-21 13:07:51+00:00,1628018664132816896,https://twitter.com/Wolfbeacon1/status/1628018664132816896,Wolfbeacon1,Twitter for iPhone,"Virginia, USA","@Morning_Joe @NewYorker @JoeBiden  U voted to invade Iraq 5000 miles away &amp;created a mess in the ME, &amp; allowed Iran to become the power in the ME.The main media  loves  war&amp; @Morning_Joe you don‚Äôt know what you are talking about. It‚Äôs @NATO expansion not Russia. üõë this war in üá∫üá¶, diplomacy not military",0,0
173,2023-02-21 13:07:49+00:00,1628018657526677505,https://twitter.com/Jurek77355461/status/1628018657526677505,Jurek77355461,Twitter for Android,,"@m_bielecki_ @donaldtusk @JoeBiden Pan @donaldtusk nie jest partiƒÖ rzƒÖdzƒÖcƒÖ. Raczej spytaj o oszczanego i najpotƒô≈ºniejszƒÖ kanaliƒô . Tutaj pad≈Ço weto ≈ºe strony US - z nim nigdy, bo to z≈Çy cz≈Çowiek jest https://t.co/VvCGVwO2X7",0,0
174,2023-02-21 13:07:49+00:00,1628018655450497025,https://twitter.com/UA_22_Ukraine/status/1628018655450497025,UA_22_Ukraine,Twitter for Android,,"Le pr√©sident Joe Biden et le pr√©sident polonais Duda ...
#BidenInPoland 
#biden #Duda #Pologne #Poland 
#Ukraine #UkraineWar 
üì∑ UATV https://t.co/f6CbGZSxYi",1,0
175,2023-02-21 13:07:49+00:00,1628018655056232448,https://twitter.com/jakjerz/status/1628018655056232448,jakjerz,Twitter Web App,,@AwMirasM11 @trzaskowski_ @POTUS @JoeBiden @warszawa @pis @aduda @UE Kuku na muniu UBecki niedorozwoju.≈ªygaƒá siƒô chce jak s≈Çucha siƒô tego waszego bolszewickiego be≈Çkotu.,0,0
176,2023-02-21 13:07:44+00:00,1628018635666063360,https://twitter.com/PiotrAnalityk/status/1628018635666063360,PiotrAnalityk,Twitter Web App,,@MichSobczak @nadprezydent @WarNewsPL1 @JoeBiden @AndrzejDuda https://t.co/rxGcK7Ino4,0,0
177,2023-02-21 13:07:41+00:00,1628018623725080577,https://twitter.com/HughVonNied/status/1628018623725080577,HughVonNied,Twitter Web App,USA,"@GMA @MonaKAbdi ... this highly contaminated State, of Ohio, or near the pop-ery of Chemicals in the air, of 
East Palestine, Ohio. 
It could destroy his health, and make 
him as incoherent as 
Lie'n Joe Biden! 
George, 
do your patriotic duty, and warn 
President Trump 
of the dangers, of Ohio!",0,0
178,2023-02-21 13:07:40+00:00,1628018620742746113,https://twitter.com/FGGL1995/status/1628018620742746113,FGGL1995,Twitter for Android,Argentina,"La visita de Joe Biden a #Ucrania implica, entre otras cosas, entender que las FFAA de #EEUU se han movilizado al rededor de Kiev p/ garantizar la seguridad de su presidente. Un claro mje de respaldo y disuasi√≥n, dirigido directamente a Putin a horas de cumplirse 1 a√±o de guerra.",0,0
179,2023-02-21 13:07:40+00:00,1628018619236876295,https://twitter.com/CreateSust/status/1628018619236876295,CreateSust,Twitter for iPad,"Plano, Texas",Thank you Joe Biden,0,0
180,2023-02-21 13:07:29+00:00,1628018573468700672,https://twitter.com/JasonBrasier/status/1628018573468700672,JasonBrasier,Twitter for iPhone,"Springfield, Mo","I‚Äôm light of current events, I felt compelled to share  my #antiwar #shortfilm ‚ÄúA Dream of War.‚Äù
Watch here:
https://t.co/yZaN3C4Pw5
#Putin #Ukraine #ww3 #JoeBiden https://t.co/v1Z9VXeoJD",0,0
181,2023-02-21 13:07:29+00:00,1628018572558581761,https://twitter.com/EwaMol1/status/1628018572558581761,EwaMol1,Twitter Web App,,@DGiejsztoreic @trzaskowski_ @warszawa @POTUS @JoeBiden @kaitlancollins @CNNThisMorning @KolendaK @faktypofaktach Taak? Gamoniu piszesz? A co ty masz takiego pod czuprynƒÖ,0,0
182,2023-02-21 13:07:25+00:00,1628018556871770114,https://twitter.com/MartinkaPL2022/status/1628018556871770114,MartinkaPL2022,Twitter for Android,,"@Arbuziasty1 @POTUS @JoeBiden Program Platformy obywatelskiej
Robak zamiast miƒôsa https://t.co/TVQAbmd97f",0,0
183,2023-02-21 13:07:24+00:00,1628018552270897159,https://twitter.com/GrammyC4Zone/status/1628018552270897159,GrammyC4Zone,Twitter Web App,Upstate NY,Retweet this before it's deleted!   The real Joe Biden!,1,1
184,2023-02-21 13:07:18+00:00,1628018526278631424,https://twitter.com/PremiumPPV/status/1628018526278631424,PremiumPPV,Twitter for Android,Astra Zeneca/Novavax,"Dziennikarze: ciekawe gdzie Joe Biden bƒôdzie spa≈Ç?
Odpowiem ≈õpiewajƒÖco: https://t.co/vR6n9vNavM",0,0
185,2023-02-21 13:07:17+00:00,1628018521996201986,https://twitter.com/This414/status/1628018521996201986,This414,Twitter for iPad,Milwaukee,@CNN All Joe Biden‚Äôs fault.,0,0
186,2023-02-21 13:07:16+00:00,1628018518024126465,https://twitter.com/velho_rapaz/status/1628018518024126465,velho_rapaz,Twitter Web App,,"@pedroml Quem destruiu o Nord Stream pipeline? N√£o houve barb√°rie no Iraque, Afeganist√£o, L√≠bia, S√≠ria a cargo dos EUA? O grande Joe Biden e filho lucraram milh√µes em neg√≥cio com a m√°fia ucraniana ligada √† energia.",0,0
187,2023-02-21 13:07:15+00:00,1628018512458293250,https://twitter.com/MDR0787/status/1628018512458293250,MDR0787,Twitter Web App,,"@vranx93 @WarNewsPL1 @JoeBiden @AndrzejDuda Nas?? Kogo nas?? Aktualnie przebywam w domu sam. Nie wiem, co ma mnie tutaj boleƒá, bo na pewno nie zdanie ameby umys≈Çowej, kt√≥ra papuguje wszystko, co powiedzƒÖ w telewizji.",0,0
188,2023-02-21 13:07:14+00:00,1628018509652393984,https://twitter.com/No78666719/status/1628018509652393984,No78666719,Twitter for iPhone,,"@nytimes All that jet fuel, just for @JoeBiden to be assured he was getting his 10 percent cut.  #ClimateActionNow #ClimateEmergency",0,0
189,2023-02-21 13:07:11+00:00,1628018497644101632,https://twitter.com/JerryFarnswort7/status/1628018497644101632,JerryFarnswort7,Twitter for iPhone,"Huntsville, AL",@simonateba @JoeBiden Biden don‚Äôt give a shit about America.,0,0
190,2023-02-21 13:07:11+00:00,1628018495836377090,https://twitter.com/shobiztv/status/1628018495836377090,shobiztv,Twitter for iPhone,Teshie-Nungua Estate,A shallow magnitude 6.3 earthquake struck the Turkey-Syria border region after it was devastated earlier this month by temblors that killed tens of thousands of people #turkeyearthquake2023 #PakistanBankrupt #Putin #JoeBiden #AgustD https://t.co/09Aiqejhqe,0,0
191,2023-02-21 13:07:09+00:00,1628018488886591489,https://twitter.com/Eric_J_Brooks/status/1628018488886591489,Eric_J_Brooks,Twitter Web App,Singapore,"Neither Joe Biden nor his transportation secretary Pete Buttigieg have visited Ohio, where the biggest release of dioxin in history just happened. Farm animals are dying, rivers are turning rainbow colors with chemicals and Biden is in Ukraine @elonmusk @clif_high @Nigel_Farage https://t.co/uyLcdjWxII",0,0
192,2023-02-21 13:07:08+00:00,1628018485891858433,https://twitter.com/kpb_wi/status/1628018485891858433,kpb_wi,Twitter for Android,,"@ChuckCallesto Joe Biden, stop your lies and admit the truth:Record inflation. 
Record crime. 
Record illegal immigration. 
Expensive groceries. 
Expensive gas. 
Expensive utility bills.
Failing schools. 
Foreign policy disasters. 
High mortgage rates. 
401k‚Äôs down. A failed administration",0,0
193,2023-02-21 13:07:07+00:00,1628018479352938496,https://twitter.com/alan925/status/1628018479352938496,alan925,Twitter for iPhone,USA,"It is true that many people voted for Joe Biden because he was loudly anti-Trump (‚Äúbattling for the soul of America‚Äù and all that.) But he also talked extensively about energy transition and reshaping the economy from ‚Äútrickle-down‚Äù to ‚Äúbottom up, middle out.‚Äù",0,0
194,2023-02-21 13:07:06+00:00,1628018477213548555,https://twitter.com/Musicawards10/status/1628018477213548555,Musicawards10,Twitter Web App,United States,"Today is February 21st, 2023 and Joe Biden is still a hibitual liar, corrupt - despicable COWARD. ILLEGITIMATE PRESIDENT! https://t.co/cOLLkvKJUQ",0,0
195,2023-02-21 13:07:04+00:00,1628018467969597441,https://twitter.com/hagiwararyu11/status/1628018467969597441,hagiwararyu11,‰∏ñÁïå„É¢„Éê„Ç§„É´Ë©ïË´ñÂÆ∂Âçî‰ºö,Japan,"EpochTimes„Åï„Çì„Åã„ÇâRT:„ÄÄ‚ÄúI don‚Äôt focus on President Trump,‚Äù Haley said. ‚ÄúI am focused on Joe Biden.‚Äù

Republican presidential candidate‚Ä¶ https://t.co/wHwOZRVzml„ÄÄ„ÄÄ02Êúà21Êó•22ÊôÇ07ÂàÜÂè∞„ÅÆ„Éã„É•„Éº„Çπ„Åß„Åó„Åü",0,0
196,2023-02-21 13:07:03+00:00,1628018465192673280,https://twitter.com/Geiiga/status/1628018465192673280,Geiiga,Twitter Web App,Kansas,@SenRickScott @JoeBiden @MorningsMaria @FoxBusiness Rick Scott is not our friend and it's time law enforcement started acting like it.,0,0
197,2023-02-21 13:07:03+00:00,1628018463347249154,https://twitter.com/HammockJack/status/1628018463347249154,HammockJack,Twitter for Android,"Texas, USA","Today is Tuesday, February 21st, 2023, and Joe Biden is the WORST President in the History of the United States.",0,0
198,2023-02-21 13:07:01+00:00,1628018455281631234,https://twitter.com/ivillasenor/status/1628018455281631234,ivillasenor,Twitter for Android,M√©xico CDMX,"¬°Buenos d√≠as! Ayer lleg√≥ Joe Biden de sorpresa a Kiev con un escueto aviso a Mosc√∫; hoy, Putin anuncia que suspende el tratado de armas nucleares con Estados Unidos y acusa a Ucrania y el Occidente de iniciar la guerra.",0,1
199,2023-02-21 13:07:00+00:00,1628018452341354503,https://twitter.com/garci32/status/1628018452341354503,garci32,Twitter Web App,EARTH !,"trump caused the death of more than a million Americans with the virus,how many people died because of Joe Biden ??",0,0
200,2023-02-21 13:07:00+00:00,1628018451141853186,https://twitter.com/piatek_ania/status/1628018451141853186,piatek_ania,Twitter for Android,,@Leofric__ @trzaskowski_ @warszawa @POTUS @JoeBiden @kaitlancollins @CNNThisMorning @KolendaK @faktypofaktach https://t.co/ntpHjuR4ES,0,0
201,2023-02-21 13:06:56+00:00,1628018435970981888,https://twitter.com/zeta43268/status/1628018435970981888,zeta43268,Twitter for Android,,"@Wally389 @simonateba @JoeBiden Putin threatened nuclear war yesterday. Ukraine will be ground zero, so Biden visited Ukraine. https://t.co/nFr7QnN1b1",0,0
